<?xml version='1.0' encoding='UTF-8' ?>
<timeLogEntries>
  <time id="1" path="/Proyecto Farmaseutica/PSP0/Planning" start="@1693895645767" delta="70" interrupt="13" />
  <time id="2" path="/Proyecto Farmaseutica/PSP0/Planning" start="@1693964027959" delta="61" />
  <time id="3" path="/Proyecto Farmaseutica/PSP0/Planning" start="@1693972805779" delta="90" comment="Descripcion del Problema" />
  <time id="4" path="/Proyecto Farmaseutica/PSP0/Planning" start="@1694305873946" delta="110" interrupt="9" comment="Planteamiento de requisitos funcionales y plantilla" />
  <time id="5" path="/Proyecto Farmaseutica/PSP0/Planning" start="@1694313069733" delta="4" comment="Readmi" />
  <time id="6" path="/Proyecto Farmaseutica/PSP0/Planning" start="@1694314173754" delta="53" />
  <time id="7" path="/Proyecto Farmaseutica/PSP0/Planning" start="@1694319271175" delta="187" />
  <time id="8" path="/Proyecto Farmaseutica/PSP0/Planning" start="@1694354712745" delta="149" />
  <time id="9" path="/Proyecto Farmaseutica/PSP0/Planning" start="@1694367736431" delta="59" />
</timeLogEntries>
