<?xml version='1.0' encoding='UTF-8' ?>
<timeLogEntries>
  <time id="10" path="/Proyecto Farmaseutica/PSP0/Planning" start="@1694372318092" delta="20" comment="Diseño colores en interfaz" flag="A" />
  <time id="8" comment="Interfaz venta" flag="M" />
  <time id="7" comment="Interfaz Realizar Pedido" flag="M" />
  <time id="9" comment="Revision Codigo" flag="M" />
  <time id="1" comment="Estandares de codificacion" flag="M" />
  <time id="2" comment="Intalacion de herramientas de codig0p" flag="M" />
  <time id="6" comment="Interfaz Inicio" flag="M" />
  <time id="11" flag="D" />
</timeLogEntries>
